{"cameraMode":{"drawMode":0,"name":"Shaded","section":"Shading Mode"},"sceneLighting":true,"audioPlay":false,"sceneViewState":{"m_AlwaysRefresh":false,"showFog":true,"showSkybox":true,"showFlares":true,"showImageEffects":true,"showParticleSystems":true,"showVisualEffectGraphs":true,"m_FxEnabled":true},"in2DMode":false,"pivot":{"x":-1.8962091207504273,"y":-1.2833948135375977,"z":-1.562912940979004},"rotation":{"x":0.557190477848053,"y":9.701677754492267e-7,"z":0.0000024469220534228954,"w":0.8303811550140381},"size":8.852153778076172,"orthographic":false}