{"cameraMode":{"drawMode":0,"name":"Shaded","section":"Shading Mode"},"sceneLighting":true,"audioPlay":false,"sceneViewState":{"m_AlwaysRefresh":false,"showFog":true,"showSkybox":true,"showFlares":true,"showImageEffects":true,"showParticleSystems":true,"showVisualEffectGraphs":true,"m_FxEnabled":true},"in2DMode":false,"pivot":{"x":7.598624229431152,"y":0.031095504760742189,"z":-1.208827018737793},"rotation":{"x":0.10480708628892899,"y":0.001491472008638084,"z":-0.0001569861633470282,"w":0.9944885969161987},"size":54.956756591796878,"orthographic":false}